company_name,industry,symbol,Series,isin,index_code,scrape_date
360 ONE WAM Ltd.,Financial Services,360ONE,EQ,INE466L01038,NIFTYLARGEMIDCAP250,2026-02-03
3M India Ltd.,Diversified,3MINDIA,EQ,INE470A01017,NIFTYLARGEMIDCAP250,2026-02-03
ABB India Ltd.,Capital Goods,ABB,EQ,INE117A01022,NIFTYLARGEMIDCAP250,2026-02-03
ACC Ltd.,Construction Materials,ACC,EQ,INE012A01025,NIFTYLARGEMIDCAP250,2026-02-03
AIA Engineering Ltd.,Capital Goods,AIAENG,EQ,INE212H01026,NIFTYLARGEMIDCAP250,2026-02-03
APL Apollo Tubes Ltd.,Capital Goods,APLAPOLLO,EQ,INE702C01027,NIFTYLARGEMIDCAP250,2026-02-03
AU Small Finance Bank Ltd.,Financial Services,AUBANK,EQ,INE949L01017,NIFTYLARGEMIDCAP250,2026-02-03
AWL Agri Business Ltd.,Fast Moving Consumer Goods,AWL,EQ,INE699H01024,NIFTYLARGEMIDCAP250,2026-02-03
Abbott India Ltd.,Healthcare,ABBOTINDIA,EQ,INE358A01014,NIFTYLARGEMIDCAP250,2026-02-03
Adani Energy Solutions Ltd.,Power,ADANIENSOL,EQ,INE931S01010,NIFTYLARGEMIDCAP250,2026-02-03
Adani Enterprises Ltd.,Metals & Mining,ADANIENT,EQ,INE423A01024,NIFTYLARGEMIDCAP250,2026-02-03
Adani Green Energy Ltd.,Power,ADANIGREEN,EQ,INE364U01010,NIFTYLARGEMIDCAP250,2026-02-03
Adani Ports and Special Economic Zone Ltd.,Services,ADANIPORTS,EQ,INE742F01042,NIFTYLARGEMIDCAP250,2026-02-03
Adani Power Ltd.,Power,ADANIPOWER,EQ,INE814H01029,NIFTYLARGEMIDCAP250,2026-02-03
Adani Total Gas Ltd.,Oil Gas & Consumable Fuels,ATGL,EQ,INE399L01023,NIFTYLARGEMIDCAP250,2026-02-03
Aditya Birla Capital Ltd.,Financial Services,ABCAPITAL,EQ,INE674K01013,NIFTYLARGEMIDCAP250,2026-02-03
Ajanta Pharmaceuticals Ltd.,Healthcare,AJANTPHARM,EQ,INE031B01049,NIFTYLARGEMIDCAP250,2026-02-03
Alkem Laboratories Ltd.,Healthcare,ALKEM,EQ,INE540L01014,NIFTYLARGEMIDCAP250,2026-02-03
Ambuja Cements Ltd.,Construction Materials,AMBUJACEM,EQ,INE079A01024,NIFTYLARGEMIDCAP250,2026-02-03
Apar Industries Ltd.,Capital Goods,APARINDS,EQ,INE372A01015,NIFTYLARGEMIDCAP250,2026-02-03
Apollo Hospitals Enterprise Ltd.,Healthcare,APOLLOHOSP,EQ,INE437A01024,NIFTYLARGEMIDCAP250,2026-02-03
Apollo Tyres Ltd.,Automobile and Auto Components,APOLLOTYRE,EQ,INE438A01022,NIFTYLARGEMIDCAP250,2026-02-03
Ashok Leyland Ltd.,Capital Goods,ASHOKLEY,EQ,INE208A01029,NIFTYLARGEMIDCAP250,2026-02-03
Asian Paints Ltd.,Consumer Durables,ASIANPAINT,EQ,INE021A01026,NIFTYLARGEMIDCAP250,2026-02-03
Astral Ltd.,Capital Goods,ASTRAL,EQ,INE006I01046,NIFTYLARGEMIDCAP250,2026-02-03
Aurobindo Pharma Ltd.,Healthcare,AUROPHARMA,EQ,INE406A01037,NIFTYLARGEMIDCAP250,2026-02-03
Avenue Supermarts Ltd.,Consumer Services,DMART,EQ,INE192R01011,NIFTYLARGEMIDCAP250,2026-02-03
Axis Bank Ltd.,Financial Services,AXISBANK,EQ,INE238A01034,NIFTYLARGEMIDCAP250,2026-02-03
BSE Ltd.,Financial Services,BSE,EQ,INE118H01025,NIFTYLARGEMIDCAP250,2026-02-03
Bajaj Auto Ltd.,Automobile and Auto Components,BAJAJ-AUTO,EQ,INE917I01010,NIFTYLARGEMIDCAP250,2026-02-03
Bajaj Finance Ltd.,Financial Services,BAJFINANCE,EQ,INE296A01032,NIFTYLARGEMIDCAP250,2026-02-03
Bajaj Finserv Ltd.,Financial Services,BAJAJFINSV,EQ,INE918I01026,NIFTYLARGEMIDCAP250,2026-02-03
Bajaj Holdings & Investment Ltd.,Financial Services,BAJAJHLDNG,EQ,INE118A01012,NIFTYLARGEMIDCAP250,2026-02-03
Bajaj Housing Finance Ltd.,Financial Services,BAJAJHFL,EQ,INE377Y01014,NIFTYLARGEMIDCAP250,2026-02-03
Balkrishna Industries Ltd.,Automobile and Auto Components,BALKRISIND,EQ,INE787D01026,NIFTYLARGEMIDCAP250,2026-02-03
Bank of Baroda,Financial Services,BANKBARODA,EQ,INE028A01039,NIFTYLARGEMIDCAP250,2026-02-03
Bank of India,Financial Services,BANKINDIA,EQ,INE084A01016,NIFTYLARGEMIDCAP250,2026-02-03
Bank of Maharashtra,Financial Services,MAHABANK,EQ,INE457A01014,NIFTYLARGEMIDCAP250,2026-02-03
Berger Paints India Ltd.,Consumer Durables,BERGEPAINT,EQ,INE463A01038,NIFTYLARGEMIDCAP250,2026-02-03
Bharat Dynamics Ltd.,Capital Goods,BDL,EQ,INE171Z01026,NIFTYLARGEMIDCAP250,2026-02-03
Bharat Electronics Ltd.,Capital Goods,BEL,EQ,INE263A01024,NIFTYLARGEMIDCAP250,2026-02-03
Bharat Forge Ltd.,Automobile and Auto Components,BHARATFORG,EQ,INE465A01025,NIFTYLARGEMIDCAP250,2026-02-03
Bharat Heavy Electricals Ltd.,Capital Goods,BHEL,EQ,INE257A01026,NIFTYLARGEMIDCAP250,2026-02-03
Bharat Petroleum Corporation Ltd.,Oil Gas & Consumable Fuels,BPCL,EQ,INE029A01011,NIFTYLARGEMIDCAP250,2026-02-03
Bharti Airtel Ltd.,Telecommunication,BHARTIARTL,EQ,INE397D01024,NIFTYLARGEMIDCAP250,2026-02-03
Bharti Hexacom Ltd.,Telecommunication,BHARTIHEXA,EQ,INE343G01021,NIFTYLARGEMIDCAP250,2026-02-03
Biocon Ltd.,Healthcare,BIOCON,EQ,INE376G01013,NIFTYLARGEMIDCAP250,2026-02-03
Blue Star Ltd.,Consumer Durables,BLUESTARCO,EQ,INE472A01039,NIFTYLARGEMIDCAP250,2026-02-03
Bosch Ltd.,Automobile and Auto Components,BOSCHLTD,EQ,INE323A01026,NIFTYLARGEMIDCAP250,2026-02-03
Britannia Industries Ltd.,Fast Moving Consumer Goods,BRITANNIA,EQ,INE216A01030,NIFTYLARGEMIDCAP250,2026-02-03
CG Power and Industrial Solutions Ltd.,Capital Goods,CGPOWER,EQ,INE067A01029,NIFTYLARGEMIDCAP250,2026-02-03
CRISIL Ltd.,Financial Services,CRISIL,EQ,INE007A01025,NIFTYLARGEMIDCAP250,2026-02-03
Canara Bank,Financial Services,CANBK,EQ,INE476A01022,NIFTYLARGEMIDCAP250,2026-02-03
Cholamandalam Investment and Finance Company Ltd.,Financial Services,CHOLAFIN,EQ,INE121A01024,NIFTYLARGEMIDCAP250,2026-02-03
Cipla Ltd.,Healthcare,CIPLA,EQ,INE059A01026,NIFTYLARGEMIDCAP250,2026-02-03
Coal India Ltd.,Oil Gas & Consumable Fuels,COALINDIA,EQ,INE522F01014,NIFTYLARGEMIDCAP250,2026-02-03
Cochin Shipyard Ltd.,Capital Goods,COCHINSHIP,EQ,INE704P01025,NIFTYLARGEMIDCAP250,2026-02-03
Coforge Ltd.,Information Technology,COFORGE,EQ,INE591G01025,NIFTYLARGEMIDCAP250,2026-02-03
Colgate Palmolive (India) Ltd.,Fast Moving Consumer Goods,COLPAL,EQ,INE259A01022,NIFTYLARGEMIDCAP250,2026-02-03
Container Corporation of India Ltd.,Services,CONCOR,EQ,INE111A01025,NIFTYLARGEMIDCAP250,2026-02-03
Coromandel International Ltd.,Chemicals,COROMANDEL,EQ,INE169A01031,NIFTYLARGEMIDCAP250,2026-02-03
Cummins India Ltd.,Capital Goods,CUMMINSIND,EQ,INE298A01020,NIFTYLARGEMIDCAP250,2026-02-03
DLF Ltd.,Realty,DLF,EQ,INE271C01023,NIFTYLARGEMIDCAP250,2026-02-03
Dabur India Ltd.,Fast Moving Consumer Goods,DABUR,EQ,INE016A01026,NIFTYLARGEMIDCAP250,2026-02-03
Dalmia Bharat Ltd.,Construction Materials,DALBHARAT,EQ,INE00R701025,NIFTYLARGEMIDCAP250,2026-02-03
Deepak Nitrite Ltd.,Chemicals,DEEPAKNTR,EQ,INE288B01029,NIFTYLARGEMIDCAP250,2026-02-03
Divi's Laboratories Ltd.,Healthcare,DIVISLAB,EQ,INE361B01024,NIFTYLARGEMIDCAP250,2026-02-03
Dixon Technologies (India) Ltd.,Consumer Durables,DIXON,EQ,INE935N01020,NIFTYLARGEMIDCAP250,2026-02-03
Dr. Reddy's Laboratories Ltd.,Healthcare,DRREDDY,EQ,INE089A01031,NIFTYLARGEMIDCAP250,2026-02-03
Dummy Hindustan Unilever Ltd.,Fast Moving Consumer Goods,DUMMYHDLVR,EQ,DUM030A01027,NIFTYLARGEMIDCAP250,2026-02-03
Eicher Motors Ltd.,Automobile and Auto Components,EICHERMOT,EQ,INE066A01021,NIFTYLARGEMIDCAP250,2026-02-03
Endurance Technologies Ltd.,Automobile and Auto Components,ENDURANCE,EQ,INE913H01037,NIFTYLARGEMIDCAP250,2026-02-03
Escorts Kubota Ltd.,Capital Goods,ESCORTS,EQ,INE042A01014,NIFTYLARGEMIDCAP250,2026-02-03
Eternal Ltd.,Consumer Services,ETERNAL,EQ,INE758T01015,NIFTYLARGEMIDCAP250,2026-02-03
Exide Industries Ltd.,Automobile and Auto Components,EXIDEIND,EQ,INE302A01020,NIFTYLARGEMIDCAP250,2026-02-03
FSN E-Commerce Ventures Ltd.,Consumer Services,NYKAA,EQ,INE388Y01029,NIFTYLARGEMIDCAP250,2026-02-03
Federal Bank Ltd.,Financial Services,FEDERALBNK,EQ,INE171A01029,NIFTYLARGEMIDCAP250,2026-02-03
Fertilisers and Chemicals Travancore Ltd.,Chemicals,FACT,EQ,INE188A01015,NIFTYLARGEMIDCAP250,2026-02-03
Fortis Healthcare Ltd.,Healthcare,FORTIS,EQ,INE061F01013,NIFTYLARGEMIDCAP250,2026-02-03
GAIL (India) Ltd.,Oil Gas & Consumable Fuels,GAIL,EQ,INE129A01019,NIFTYLARGEMIDCAP250,2026-02-03
GE Vernova T&D India Ltd.,Capital Goods,GVT&D,EQ,INE200A01026,NIFTYLARGEMIDCAP250,2026-02-03
GMR Airports Ltd.,Services,GMRAIRPORT,EQ,INE776C01039,NIFTYLARGEMIDCAP250,2026-02-03
General Insurance Corporation of India,Financial Services,GICRE,EQ,INE481Y01014,NIFTYLARGEMIDCAP250,2026-02-03
Glaxosmithkline Pharmaceuticals Ltd.,Healthcare,GLAXO,EQ,INE159A01016,NIFTYLARGEMIDCAP250,2026-02-03
Glenmark Pharmaceuticals Ltd.,Healthcare,GLENMARK,EQ,INE935A01035,NIFTYLARGEMIDCAP250,2026-02-03
Global Health Ltd.,Healthcare,MEDANTA,EQ,INE474Q01031,NIFTYLARGEMIDCAP250,2026-02-03
Godfrey Phillips India Ltd.,Fast Moving Consumer Goods,GODFRYPHLP,EQ,INE260B01028,NIFTYLARGEMIDCAP250,2026-02-03
Godrej Consumer Products Ltd.,Fast Moving Consumer Goods,GODREJCP,EQ,INE102D01028,NIFTYLARGEMIDCAP250,2026-02-03
Godrej Industries Ltd.,Diversified,GODREJIND,EQ,INE233A01035,NIFTYLARGEMIDCAP250,2026-02-03
Godrej Properties Ltd.,Realty,GODREJPROP,EQ,INE484J01027,NIFTYLARGEMIDCAP250,2026-02-03
Grasim Industries Ltd.,Construction Materials,GRASIM,EQ,INE047A01021,NIFTYLARGEMIDCAP250,2026-02-03
Gujarat Fluorochemicals Ltd.,Chemicals,FLUOROCHEM,EQ,INE09N301011,NIFTYLARGEMIDCAP250,2026-02-03
Gujarat Gas Ltd.,Oil Gas & Consumable Fuels,GUJGASLTD,EQ,INE844O01030,NIFTYLARGEMIDCAP250,2026-02-03
HCL Technologies Ltd.,Information Technology,HCLTECH,EQ,INE860A01027,NIFTYLARGEMIDCAP250,2026-02-03
HDFC Asset Management Company Ltd.,Financial Services,HDFCAMC,EQ,INE127D01025,NIFTYLARGEMIDCAP250,2026-02-03
HDFC Bank Ltd.,Financial Services,HDFCBANK,EQ,INE040A01034,NIFTYLARGEMIDCAP250,2026-02-03
HDFC Life Insurance Company Ltd.,Financial Services,HDFCLIFE,EQ,INE795G01014,NIFTYLARGEMIDCAP250,2026-02-03
Havells India Ltd.,Consumer Durables,HAVELLS,EQ,INE176B01034,NIFTYLARGEMIDCAP250,2026-02-03
Hero MotoCorp Ltd.,Automobile and Auto Components,HEROMOTOCO,EQ,INE158A01026,NIFTYLARGEMIDCAP250,2026-02-03
Hexaware Technologies Ltd.,Information Technology,HEXT,EQ,INE093A01041,NIFTYLARGEMIDCAP250,2026-02-03
Hindalco Industries Ltd.,Metals & Mining,HINDALCO,EQ,INE038A01020,NIFTYLARGEMIDCAP250,2026-02-03
Hindustan Aeronautics Ltd.,Capital Goods,HAL,EQ,INE066F01020,NIFTYLARGEMIDCAP250,2026-02-03
Hindustan Petroleum Corporation Ltd.,Oil Gas & Consumable Fuels,HINDPETRO,EQ,INE094A01015,NIFTYLARGEMIDCAP250,2026-02-03
Hindustan Unilever Ltd.,Fast Moving Consumer Goods,HINDUNILVR,EQ,INE030A01027,NIFTYLARGEMIDCAP250,2026-02-03
Hindustan Zinc Ltd.,Metals & Mining,HINDZINC,EQ,INE267A01025,NIFTYLARGEMIDCAP250,2026-02-03
Hitachi Energy India Ltd.,Capital Goods,POWERINDIA,EQ,INE07Y701011,NIFTYLARGEMIDCAP250,2026-02-03
Honeywell Automation India Ltd.,Capital Goods,HONAUT,EQ,INE671A01010,NIFTYLARGEMIDCAP250,2026-02-03
Housing & Urban Development Corporation Ltd.,Financial Services,HUDCO,EQ,INE031A01017,NIFTYLARGEMIDCAP250,2026-02-03
Hyundai Motor India Ltd.,Automobile and Auto Components,HYUNDAI,EQ,INE0V6F01027,NIFTYLARGEMIDCAP250,2026-02-03
ICICI Bank Ltd.,Financial Services,ICICIBANK,EQ,INE090A01021,NIFTYLARGEMIDCAP250,2026-02-03
ICICI Lombard General Insurance Company Ltd.,Financial Services,ICICIGI,EQ,INE765G01017,NIFTYLARGEMIDCAP250,2026-02-03
ICICI Prudential Life Insurance Company Ltd.,Financial Services,ICICIPRULI,EQ,INE726G01019,NIFTYLARGEMIDCAP250,2026-02-03
IDBI Bank Ltd.,Financial Services,IDBI,EQ,INE008A01015,NIFTYLARGEMIDCAP250,2026-02-03
IDFC First Bank Ltd.,Financial Services,IDFCFIRSTB,EQ,INE092T01019,NIFTYLARGEMIDCAP250,2026-02-03
IRB Infrastructure Developers Ltd.,Construction,IRB,EQ,INE821I01022,NIFTYLARGEMIDCAP250,2026-02-03
ITC Hotels Ltd.,Consumer Services,ITCHOTELS,EQ,INE379A01028,NIFTYLARGEMIDCAP250,2026-02-03
ITC Ltd.,Fast Moving Consumer Goods,ITC,EQ,INE154A01025,NIFTYLARGEMIDCAP250,2026-02-03
Indian Bank,Financial Services,INDIANB,EQ,INE562A01011,NIFTYLARGEMIDCAP250,2026-02-03
Indian Hotels Co. Ltd.,Consumer Services,INDHOTEL,EQ,INE053A01029,NIFTYLARGEMIDCAP250,2026-02-03
Indian Oil Corporation Ltd.,Oil Gas & Consumable Fuels,IOC,EQ,INE242A01010,NIFTYLARGEMIDCAP250,2026-02-03
Indian Overseas Bank,Financial Services,IOB,EQ,INE565A01014,NIFTYLARGEMIDCAP250,2026-02-03
Indian Railway Catering And Tourism Corporation Ltd.,Consumer Services,IRCTC,EQ,INE335Y01020,NIFTYLARGEMIDCAP250,2026-02-03
Indian Railway Finance Corporation Ltd.,Financial Services,IRFC,EQ,INE053F01010,NIFTYLARGEMIDCAP250,2026-02-03
Indian Renewable Energy Development Agency Ltd.,Financial Services,IREDA,EQ,INE202E01016,NIFTYLARGEMIDCAP250,2026-02-03
Indraprastha Gas Ltd.,Oil Gas & Consumable Fuels,IGL,EQ,INE203G01027,NIFTYLARGEMIDCAP250,2026-02-03
Indus Towers Ltd.,Telecommunication,INDUSTOWER,EQ,INE121J01017,NIFTYLARGEMIDCAP250,2026-02-03
IndusInd Bank Ltd.,Financial Services,INDUSINDBK,EQ,INE095A01012,NIFTYLARGEMIDCAP250,2026-02-03
Info Edge (India) Ltd.,Consumer Services,NAUKRI,EQ,INE663F01032,NIFTYLARGEMIDCAP250,2026-02-03
Infosys Ltd.,Information Technology,INFY,EQ,INE009A01021,NIFTYLARGEMIDCAP250,2026-02-03
InterGlobe Aviation Ltd.,Services,INDIGO,EQ,INE646L01027,NIFTYLARGEMIDCAP250,2026-02-03
Ipca Laboratories Ltd.,Healthcare,IPCALAB,EQ,INE571A01038,NIFTYLARGEMIDCAP250,2026-02-03
J.K. Cement Ltd.,Construction Materials,JKCEMENT,EQ,INE823G01014,NIFTYLARGEMIDCAP250,2026-02-03
JSW Energy Ltd.,Power,JSWENERGY,EQ,INE121E01018,NIFTYLARGEMIDCAP250,2026-02-03
JSW Infrastructure Ltd.,Services,JSWINFRA,EQ,INE880J01026,NIFTYLARGEMIDCAP250,2026-02-03
JSW Steel Ltd.,Metals & Mining,JSWSTEEL,EQ,INE019A01038,NIFTYLARGEMIDCAP250,2026-02-03
Jindal Stainless Ltd.,Metals & Mining,JSL,EQ,INE220G01021,NIFTYLARGEMIDCAP250,2026-02-03
Jindal Steel Ltd.,Metals & Mining,JINDALSTEL,EQ,INE749A01030,NIFTYLARGEMIDCAP250,2026-02-03
Jio Financial Services Ltd.,Financial Services,JIOFIN,EQ,INE758E01017,NIFTYLARGEMIDCAP250,2026-02-03
Jubilant Foodworks Ltd.,Consumer Services,JUBLFOOD,EQ,INE797F01020,NIFTYLARGEMIDCAP250,2026-02-03
K.P.R. Mill Ltd.,Textiles,KPRMILL,EQ,INE930H01031,NIFTYLARGEMIDCAP250,2026-02-03
KEI Industries Ltd.,Capital Goods,KEI,EQ,INE878B01027,NIFTYLARGEMIDCAP250,2026-02-03
KPIT Technologies Ltd.,Information Technology,KPITTECH,EQ,INE04I401011,NIFTYLARGEMIDCAP250,2026-02-03
Kalyan Jewellers India Ltd.,Consumer Durables,KALYANKJIL,EQ,INE303R01014,NIFTYLARGEMIDCAP250,2026-02-03
Kotak Mahindra Bank Ltd.,Financial Services,KOTAKBANK,EQ,INE237A01036,NIFTYLARGEMIDCAP250,2026-02-03
L&T Finance Ltd.,Financial Services,LTF,EQ,INE498L01015,NIFTYLARGEMIDCAP250,2026-02-03
L&T Technology Services Ltd.,Information Technology,LTTS,EQ,INE010V01017,NIFTYLARGEMIDCAP250,2026-02-03
LIC Housing Finance Ltd.,Financial Services,LICHSGFIN,EQ,INE115A01026,NIFTYLARGEMIDCAP250,2026-02-03
LTIMindtree Ltd.,Information Technology,LTIM,EQ,INE214T01019,NIFTYLARGEMIDCAP250,2026-02-03
Larsen & Toubro Ltd.,Construction,LT,EQ,INE018A01030,NIFTYLARGEMIDCAP250,2026-02-03
Life Insurance Corporation of India,Financial Services,LICI,EQ,INE0J1Y01017,NIFTYLARGEMIDCAP250,2026-02-03
Linde India Ltd.,Chemicals,LINDEINDIA,EQ,INE473A01011,NIFTYLARGEMIDCAP250,2026-02-03
Lloyds Metals And Energy Ltd.,Metals & Mining,LLOYDSME,EQ,INE281B01032,NIFTYLARGEMIDCAP250,2026-02-03
Lodha Developers Ltd.,Realty,LODHA,EQ,INE670K01029,NIFTYLARGEMIDCAP250,2026-02-03
Lupin Ltd.,Healthcare,LUPIN,EQ,INE326A01037,NIFTYLARGEMIDCAP250,2026-02-03
MRF Ltd.,Automobile and Auto Components,MRF,EQ,INE883A01011,NIFTYLARGEMIDCAP250,2026-02-03
Mahindra & Mahindra Financial Services Ltd.,Financial Services,M&MFIN,EQ,INE774D01024,NIFTYLARGEMIDCAP250,2026-02-03
Mahindra & Mahindra Ltd.,Automobile and Auto Components,M&M,EQ,INE101A01026,NIFTYLARGEMIDCAP250,2026-02-03
Mankind Pharma Ltd.,Healthcare,MANKIND,EQ,INE634S01028,NIFTYLARGEMIDCAP250,2026-02-03
Marico Ltd.,Fast Moving Consumer Goods,MARICO,EQ,INE196A01026,NIFTYLARGEMIDCAP250,2026-02-03
Maruti Suzuki India Ltd.,Automobile and Auto Components,MARUTI,EQ,INE585B01010,NIFTYLARGEMIDCAP250,2026-02-03
Max Financial Services Ltd.,Financial Services,MFSL,EQ,INE180A01020,NIFTYLARGEMIDCAP250,2026-02-03
Max Healthcare Institute Ltd.,Healthcare,MAXHEALTH,EQ,INE027H01010,NIFTYLARGEMIDCAP250,2026-02-03
Mazagoan Dock Shipbuilders Ltd.,Capital Goods,MAZDOCK,EQ,INE249Z01020,NIFTYLARGEMIDCAP250,2026-02-03
Motilal Oswal Financial Services Ltd.,Financial Services,MOTILALOFS,EQ,INE338I01027,NIFTYLARGEMIDCAP250,2026-02-03
MphasiS Ltd.,Information Technology,MPHASIS,EQ,INE356A01018,NIFTYLARGEMIDCAP250,2026-02-03
Muthoot Finance Ltd.,Financial Services,MUTHOOTFIN,EQ,INE414G01012,NIFTYLARGEMIDCAP250,2026-02-03
NHPC Ltd.,Power,NHPC,EQ,INE848E01016,NIFTYLARGEMIDCAP250,2026-02-03
NLC India Ltd.,Power,NLCINDIA,EQ,INE589A01014,NIFTYLARGEMIDCAP250,2026-02-03
NMDC Ltd.,Metals & Mining,NMDC,EQ,INE584A01023,NIFTYLARGEMIDCAP250,2026-02-03
NTPC Green Energy Ltd.,Power,NTPCGREEN,EQ,INE0ONG01011,NIFTYLARGEMIDCAP250,2026-02-03
NTPC Ltd.,Power,NTPC,EQ,INE733E01010,NIFTYLARGEMIDCAP250,2026-02-03
National Aluminium Co. Ltd.,Metals & Mining,NATIONALUM,EQ,INE139A01034,NIFTYLARGEMIDCAP250,2026-02-03
Nestle India Ltd.,Fast Moving Consumer Goods,NESTLEIND,EQ,INE239A01024,NIFTYLARGEMIDCAP250,2026-02-03
Nippon Life India Asset Management Ltd.,Financial Services,NAM-INDIA,EQ,INE298J01013,NIFTYLARGEMIDCAP250,2026-02-03
Oberoi Realty Ltd.,Realty,OBEROIRLTY,EQ,INE093I01010,NIFTYLARGEMIDCAP250,2026-02-03
Oil & Natural Gas Corporation Ltd.,Oil Gas & Consumable Fuels,ONGC,EQ,INE213A01029,NIFTYLARGEMIDCAP250,2026-02-03
Oil India Ltd.,Oil Gas & Consumable Fuels,OIL,EQ,INE274J01014,NIFTYLARGEMIDCAP250,2026-02-03
One 97 Communications Ltd.,Financial Services,PAYTM,EQ,INE982J01020,NIFTYLARGEMIDCAP250,2026-02-03
Oracle Financial Services Software Ltd.,Information Technology,OFSS,EQ,INE881D01027,NIFTYLARGEMIDCAP250,2026-02-03
PB Fintech Ltd.,Financial Services,POLICYBZR,EQ,INE417T01026,NIFTYLARGEMIDCAP250,2026-02-03
PI Industries Ltd.,Chemicals,PIIND,EQ,INE603J01030,NIFTYLARGEMIDCAP250,2026-02-03
Page Industries Ltd.,Textiles,PAGEIND,EQ,INE761H01022,NIFTYLARGEMIDCAP250,2026-02-03
Patanjali Foods Ltd.,Fast Moving Consumer Goods,PATANJALI,EQ,INE619A01035,NIFTYLARGEMIDCAP250,2026-02-03
Persistent Systems Ltd.,Information Technology,PERSISTENT,EQ,INE262H01021,NIFTYLARGEMIDCAP250,2026-02-03
Petronet LNG Ltd.,Oil Gas & Consumable Fuels,PETRONET,EQ,INE347G01014,NIFTYLARGEMIDCAP250,2026-02-03
Phoenix Mills Ltd.,Realty,PHOENIXLTD,EQ,INE211B01039,NIFTYLARGEMIDCAP250,2026-02-03
Pidilite Industries Ltd.,Chemicals,PIDILITIND,EQ,INE318A01026,NIFTYLARGEMIDCAP250,2026-02-03
Polycab India Ltd.,Capital Goods,POLYCAB,EQ,INE455K01017,NIFTYLARGEMIDCAP250,2026-02-03
Power Finance Corporation Ltd.,Financial Services,PFC,EQ,INE134E01011,NIFTYLARGEMIDCAP250,2026-02-03
Power Grid Corporation of India Ltd.,Power,POWERGRID,EQ,INE752E01010,NIFTYLARGEMIDCAP250,2026-02-03
Premier Energies Ltd.,Capital Goods,PREMIERENE,EQ,INE0BS701011,NIFTYLARGEMIDCAP250,2026-02-03
Prestige Estates Projects Ltd.,Realty,PRESTIGE,EQ,INE811K01011,NIFTYLARGEMIDCAP250,2026-02-03
Procter & Gamble Hygiene & Health Care Ltd.,Fast Moving Consumer Goods,PGHH,EQ,INE179A01014,NIFTYLARGEMIDCAP250,2026-02-03
Punjab National Bank,Financial Services,PNB,EQ,INE160A01022,NIFTYLARGEMIDCAP250,2026-02-03
REC Ltd.,Financial Services,RECLTD,EQ,INE020B01018,NIFTYLARGEMIDCAP250,2026-02-03
Rail Vikas Nigam Ltd.,Construction,RVNL,EQ,INE415G01027,NIFTYLARGEMIDCAP250,2026-02-03
Reliance Industries Ltd.,Oil Gas & Consumable Fuels,RELIANCE,EQ,INE002A01018,NIFTYLARGEMIDCAP250,2026-02-03
SBI Cards and Payment Services Ltd.,Financial Services,SBICARD,EQ,INE018E01016,NIFTYLARGEMIDCAP250,2026-02-03
SBI Life Insurance Company Ltd.,Financial Services,SBILIFE,EQ,INE123W01016,NIFTYLARGEMIDCAP250,2026-02-03
SJVN Ltd.,Power,SJVN,EQ,INE002L01015,NIFTYLARGEMIDCAP250,2026-02-03
SRF Ltd.,Chemicals,SRF,EQ,INE647A01010,NIFTYLARGEMIDCAP250,2026-02-03
Samvardhana Motherson International Ltd.,Automobile and Auto Components,MOTHERSON,EQ,INE775A01035,NIFTYLARGEMIDCAP250,2026-02-03
Schaeffler India Ltd.,Automobile and Auto Components,SCHAEFFLER,EQ,INE513A01022,NIFTYLARGEMIDCAP250,2026-02-03
Shree Cement Ltd.,Construction Materials,SHREECEM,EQ,INE070A01015,NIFTYLARGEMIDCAP250,2026-02-03
Shriram Finance Ltd.,Financial Services,SHRIRAMFIN,EQ,INE721A01047,NIFTYLARGEMIDCAP250,2026-02-03
Siemens Energy India Ltd.,Capital Goods,ENRIN,EQ,INE1NPP01017,NIFTYLARGEMIDCAP250,2026-02-03
Siemens Ltd.,Capital Goods,SIEMENS,EQ,INE003A01024,NIFTYLARGEMIDCAP250,2026-02-03
Solar Industries India Ltd.,Chemicals,SOLARINDS,EQ,INE343H01029,NIFTYLARGEMIDCAP250,2026-02-03
Sona BLW Precision Forgings Ltd.,Automobile and Auto Components,SONACOMS,EQ,INE073K01018,NIFTYLARGEMIDCAP250,2026-02-03
State Bank of India,Financial Services,SBIN,EQ,INE062A01020,NIFTYLARGEMIDCAP250,2026-02-03
Steel Authority of India Ltd.,Metals & Mining,SAIL,EQ,INE114A01011,NIFTYLARGEMIDCAP250,2026-02-03
Sun Pharmaceutical Industries Ltd.,Healthcare,SUNPHARMA,EQ,INE044A01036,NIFTYLARGEMIDCAP250,2026-02-03
Sundaram Finance Ltd.,Financial Services,SUNDARMFIN,EQ,INE660A01013,NIFTYLARGEMIDCAP250,2026-02-03
Supreme Industries Ltd.,Capital Goods,SUPREMEIND,EQ,INE195A01028,NIFTYLARGEMIDCAP250,2026-02-03
Suzlon Energy Ltd.,Capital Goods,SUZLON,EQ,INE040H01021,NIFTYLARGEMIDCAP250,2026-02-03
Swiggy Ltd.,Consumer Services,SWIGGY,EQ,INE00H001014,NIFTYLARGEMIDCAP250,2026-02-03
Syngene International Ltd.,Healthcare,SYNGENE,EQ,INE398R01022,NIFTYLARGEMIDCAP250,2026-02-03
TVS Motor Company Ltd.,Automobile and Auto Components,TVSMOTOR,EQ,INE494B01023,NIFTYLARGEMIDCAP250,2026-02-03
Tata Communications Ltd.,Telecommunication,TATACOMM,EQ,INE151A01013,NIFTYLARGEMIDCAP250,2026-02-03
Tata Consultancy Services Ltd.,Information Technology,TCS,EQ,INE467B01029,NIFTYLARGEMIDCAP250,2026-02-03
Tata Consumer Products Ltd.,Fast Moving Consumer Goods,TATACONSUM,EQ,INE192A01025,NIFTYLARGEMIDCAP250,2026-02-03
Tata Elxsi Ltd.,Information Technology,TATAELXSI,EQ,INE670A01012,NIFTYLARGEMIDCAP250,2026-02-03
Tata Investment Corporation Ltd.,Financial Services,TATAINVEST,EQ,INE672A01026,NIFTYLARGEMIDCAP250,2026-02-03
Tata Motors Passenger Vehicles Ltd.,Automobile and Auto Components,TMPV,EQ,INE155A01022,NIFTYLARGEMIDCAP250,2026-02-03
Tata Power Co. Ltd.,Power,TATAPOWER,EQ,INE245A01021,NIFTYLARGEMIDCAP250,2026-02-03
Tata Steel Ltd.,Metals & Mining,TATASTEEL,EQ,INE081A01020,NIFTYLARGEMIDCAP250,2026-02-03
Tata Technologies Ltd.,Information Technology,TATATECH,EQ,INE142M01025,NIFTYLARGEMIDCAP250,2026-02-03
Tech Mahindra Ltd.,Information Technology,TECHM,EQ,INE669C01036,NIFTYLARGEMIDCAP250,2026-02-03
The New India Assurance Company Ltd.,Financial Services,NIACL,EQ,INE470Y01017,NIFTYLARGEMIDCAP250,2026-02-03
Thermax Ltd.,Capital Goods,THERMAX,EQ,INE152A01029,NIFTYLARGEMIDCAP250,2026-02-03
Titan Company Ltd.,Consumer Durables,TITAN,EQ,INE280A01028,NIFTYLARGEMIDCAP250,2026-02-03
Torrent Pharmaceuticals Ltd.,Healthcare,TORNTPHARM,EQ,INE685A01028,NIFTYLARGEMIDCAP250,2026-02-03
Torrent Power Ltd.,Power,TORNTPOWER,EQ,INE813H01021,NIFTYLARGEMIDCAP250,2026-02-03
Trent Ltd.,Consumer Services,TRENT,EQ,INE849A01020,NIFTYLARGEMIDCAP250,2026-02-03
Tube Investments of India Ltd.,Automobile and Auto Components,TIINDIA,EQ,INE974X01010,NIFTYLARGEMIDCAP250,2026-02-03
UCO Bank,Financial Services,UCOBANK,EQ,INE691A01018,NIFTYLARGEMIDCAP250,2026-02-03
UNO Minda Ltd.,Automobile and Auto Components,UNOMINDA,EQ,INE405E01023,NIFTYLARGEMIDCAP250,2026-02-03
UPL Ltd.,Chemicals,UPL,EQ,INE628A01036,NIFTYLARGEMIDCAP250,2026-02-03
UltraTech Cement Ltd.,Construction Materials,ULTRACEMCO,EQ,INE481G01011,NIFTYLARGEMIDCAP250,2026-02-03
Union Bank of India,Financial Services,UNIONBANK,EQ,INE692A01016,NIFTYLARGEMIDCAP250,2026-02-03
United Breweries Ltd.,Fast Moving Consumer Goods,UBL,EQ,INE686F01025,NIFTYLARGEMIDCAP250,2026-02-03
United Spirits Ltd.,Fast Moving Consumer Goods,UNITDSPR,EQ,INE854D01024,NIFTYLARGEMIDCAP250,2026-02-03
Varun Beverages Ltd.,Fast Moving Consumer Goods,VBL,EQ,INE200M01039,NIFTYLARGEMIDCAP250,2026-02-03
Vedanta Ltd.,Metals & Mining,VEDL,EQ,INE205A01025,NIFTYLARGEMIDCAP250,2026-02-03
Vishal Mega Mart Ltd.,Consumer Services,VMM,EQ,INE01EA01019,NIFTYLARGEMIDCAP250,2026-02-03
Vodafone Idea Ltd.,Telecommunication,IDEA,EQ,INE669E01016,NIFTYLARGEMIDCAP250,2026-02-03
Voltas Ltd.,Consumer Durables,VOLTAS,EQ,INE226A01021,NIFTYLARGEMIDCAP250,2026-02-03
Waaree Energies Ltd.,Capital Goods,WAAREEENER,EQ,INE377N01017,NIFTYLARGEMIDCAP250,2026-02-03
Wipro Ltd.,Information Technology,WIPRO,EQ,INE075A01022,NIFTYLARGEMIDCAP250,2026-02-03
Yes Bank Ltd.,Financial Services,YESBANK,EQ,INE528G01035,NIFTYLARGEMIDCAP250,2026-02-03
Zydus Lifesciences Ltd.,Healthcare,ZYDUSLIFE,EQ,INE010B01027,NIFTYLARGEMIDCAP250,2026-02-03
