company_name,industry,symbol,Series,isin,index_code,scrape_date
360 ONE WAM Ltd.,Financial Services,360ONE,EQ,INE466L01038,NIFTYMIDSMALLCAP400,2026-02-03
3M India Ltd.,Diversified,3MINDIA,EQ,INE470A01017,NIFTYMIDSMALLCAP400,2026-02-03
ACC Ltd.,Construction Materials,ACC,EQ,INE012A01025,NIFTYMIDSMALLCAP400,2026-02-03
ACME Solar Holdings Ltd.,Power,ACMESOLAR,EQ,INE622W01025,NIFTYMIDSMALLCAP400,2026-02-03
AIA Engineering Ltd.,Capital Goods,AIAENG,EQ,INE212H01026,NIFTYMIDSMALLCAP400,2026-02-03
APL Apollo Tubes Ltd.,Capital Goods,APLAPOLLO,EQ,INE702C01027,NIFTYMIDSMALLCAP400,2026-02-03
AU Small Finance Bank Ltd.,Financial Services,AUBANK,EQ,INE949L01017,NIFTYMIDSMALLCAP400,2026-02-03
AWL Agri Business Ltd.,Fast Moving Consumer Goods,AWL,EQ,INE699H01024,NIFTYMIDSMALLCAP400,2026-02-03
Aadhar Housing Finance Ltd.,Financial Services,AADHARHFC,EQ,INE883F01010,NIFTYMIDSMALLCAP400,2026-02-03
Aarti Industries Ltd.,Chemicals,AARTIIND,EQ,INE769A01020,NIFTYMIDSMALLCAP400,2026-02-03
Aavas Financiers Ltd.,Financial Services,AAVAS,EQ,INE216P01012,NIFTYMIDSMALLCAP400,2026-02-03
Abbott India Ltd.,Healthcare,ABBOTINDIA,EQ,INE358A01014,NIFTYMIDSMALLCAP400,2026-02-03
Action Construction Equipment Ltd.,Capital Goods,ACE,EQ,INE731H01025,NIFTYMIDSMALLCAP400,2026-02-03
Adani Total Gas Ltd.,Oil Gas & Consumable Fuels,ATGL,EQ,INE399L01023,NIFTYMIDSMALLCAP400,2026-02-03
Aditya Birla Capital Ltd.,Financial Services,ABCAPITAL,EQ,INE674K01013,NIFTYMIDSMALLCAP400,2026-02-03
Aditya Birla Fashion and Retail Ltd.,Consumer Services,ABFRL,EQ,INE647O01011,NIFTYMIDSMALLCAP400,2026-02-03
Aditya Birla Lifestyle Brands Ltd.,Consumer Services,ABLBL,EQ,INE14LE01019,NIFTYMIDSMALLCAP400,2026-02-03
Aditya Birla Real Estate Ltd.,Forest Materials,ABREL,EQ,INE055A01016,NIFTYMIDSMALLCAP400,2026-02-03
Aditya Birla Sun Life AMC Ltd.,Financial Services,ABSLAMC,EQ,INE404A01024,NIFTYMIDSMALLCAP400,2026-02-03
Aegis Logistics Ltd.,Oil Gas & Consumable Fuels,AEGISLOG,EQ,INE208C01025,NIFTYMIDSMALLCAP400,2026-02-03
Aegis Vopak Terminals Ltd.,Oil Gas & Consumable Fuels,AEGISVOPAK,EQ,INE0INX01018,NIFTYMIDSMALLCAP400,2026-02-03
Afcons Infrastructure Ltd.,Construction,AFCONS,EQ,INE101I01011,NIFTYMIDSMALLCAP400,2026-02-03
Affle 3i Ltd.,Information Technology,AFFLE,EQ,INE00WC01027,NIFTYMIDSMALLCAP400,2026-02-03
Ajanta Pharmaceuticals Ltd.,Healthcare,AJANTPHARM,EQ,INE031B01049,NIFTYMIDSMALLCAP400,2026-02-03
Akums Drugs and Pharmaceuticals Ltd.,Healthcare,AKUMS,EQ,INE09XN01023,NIFTYMIDSMALLCAP400,2026-02-03
Akzo Nobel India Ltd.,Consumer Durables,AKZOINDIA,EQ,INE133A01011,NIFTYMIDSMALLCAP400,2026-02-03
Alembic Pharmaceuticals Ltd.,Healthcare,APLLTD,EQ,INE901L01018,NIFTYMIDSMALLCAP400,2026-02-03
Alkem Laboratories Ltd.,Healthcare,ALKEM,EQ,INE540L01014,NIFTYMIDSMALLCAP400,2026-02-03
Alkyl Amines Chemicals Ltd.,Chemicals,ALKYLAMINE,EQ,INE150B01039,NIFTYMIDSMALLCAP400,2026-02-03
Alok Industries Ltd.,Textiles,ALOKINDS,EQ,INE270A01029,NIFTYMIDSMALLCAP400,2026-02-03
Amara Raja Energy & Mobility Ltd.,Automobile and Auto Components,ARE&M,EQ,INE885A01032,NIFTYMIDSMALLCAP400,2026-02-03
Amber Enterprises India Ltd.,Consumer Durables,AMBER,EQ,INE371P01015,NIFTYMIDSMALLCAP400,2026-02-03
Anand Rathi Wealth Ltd.,Financial Services,ANANDRATHI,EQ,INE463V01026,NIFTYMIDSMALLCAP400,2026-02-03
Anant Raj Ltd.,Realty,ANANTRAJ,EQ,INE242C01024,NIFTYMIDSMALLCAP400,2026-02-03
Angel One Ltd.,Financial Services,ANGELONE,EQ,INE732I01013,NIFTYMIDSMALLCAP400,2026-02-03
Apar Industries Ltd.,Capital Goods,APARINDS,EQ,INE372A01015,NIFTYMIDSMALLCAP400,2026-02-03
Apollo Tyres Ltd.,Automobile and Auto Components,APOLLOTYRE,EQ,INE438A01022,NIFTYMIDSMALLCAP400,2026-02-03
Aptus Value Housing Finance India Ltd.,Financial Services,APTUS,EQ,INE852O01025,NIFTYMIDSMALLCAP400,2026-02-03
Asahi India Glass Ltd.,Automobile and Auto Components,ASAHIINDIA,EQ,INE439A01020,NIFTYMIDSMALLCAP400,2026-02-03
Ashok Leyland Ltd.,Capital Goods,ASHOKLEY,EQ,INE208A01029,NIFTYMIDSMALLCAP400,2026-02-03
Aster DM Healthcare Ltd.,Healthcare,ASTERDM,EQ,INE914M01019,NIFTYMIDSMALLCAP400,2026-02-03
AstraZenca Pharma India Ltd.,Healthcare,ASTRAZEN,EQ,INE203A01020,NIFTYMIDSMALLCAP400,2026-02-03
Astral Ltd.,Capital Goods,ASTRAL,EQ,INE006I01046,NIFTYMIDSMALLCAP400,2026-02-03
Ather Energy Ltd.,Automobile and Auto Components,ATHERENERG,EQ,INE0LEZ01016,NIFTYMIDSMALLCAP400,2026-02-03
Atul Ltd.,Chemicals,ATUL,EQ,INE100A01010,NIFTYMIDSMALLCAP400,2026-02-03
Aurobindo Pharma Ltd.,Healthcare,AUROPHARMA,EQ,INE406A01037,NIFTYMIDSMALLCAP400,2026-02-03
Authum Investment & Infrastructure Ltd.,Financial Services,AIIL,EQ,INE206F01022,NIFTYMIDSMALLCAP400,2026-02-03
BASF India Ltd.,Chemicals,BASF,EQ,INE373A01013,NIFTYMIDSMALLCAP400,2026-02-03
BEML Ltd.,Capital Goods,BEML,EQ,INE258A01024,NIFTYMIDSMALLCAP400,2026-02-03
BLS International Services Ltd.,Consumer Services,BLS,EQ,INE153T01027,NIFTYMIDSMALLCAP400,2026-02-03
BSE Ltd.,Financial Services,BSE,EQ,INE118H01025,NIFTYMIDSMALLCAP400,2026-02-03
Balkrishna Industries Ltd.,Automobile and Auto Components,BALKRISIND,EQ,INE787D01026,NIFTYMIDSMALLCAP400,2026-02-03
Balrampur Chini Mills Ltd.,Fast Moving Consumer Goods,BALRAMCHIN,EQ,INE119A01028,NIFTYMIDSMALLCAP400,2026-02-03
Bandhan Bank Ltd.,Financial Services,BANDHANBNK,EQ,INE545U01014,NIFTYMIDSMALLCAP400,2026-02-03
Bank of India,Financial Services,BANKINDIA,EQ,INE084A01016,NIFTYMIDSMALLCAP400,2026-02-03
Bank of Maharashtra,Financial Services,MAHABANK,EQ,INE457A01014,NIFTYMIDSMALLCAP400,2026-02-03
Bata India Ltd.,Consumer Durables,BATAINDIA,EQ,INE176A01028,NIFTYMIDSMALLCAP400,2026-02-03
Bayer Cropscience Ltd.,Chemicals,BAYERCROP,EQ,INE462A01022,NIFTYMIDSMALLCAP400,2026-02-03
Berger Paints India Ltd.,Consumer Durables,BERGEPAINT,EQ,INE463A01038,NIFTYMIDSMALLCAP400,2026-02-03
Bharat Dynamics Ltd.,Capital Goods,BDL,EQ,INE171Z01026,NIFTYMIDSMALLCAP400,2026-02-03
Bharat Forge Ltd.,Automobile and Auto Components,BHARATFORG,EQ,INE465A01025,NIFTYMIDSMALLCAP400,2026-02-03
Bharat Heavy Electricals Ltd.,Capital Goods,BHEL,EQ,INE257A01026,NIFTYMIDSMALLCAP400,2026-02-03
Bharti Hexacom Ltd.,Telecommunication,BHARTIHEXA,EQ,INE343G01021,NIFTYMIDSMALLCAP400,2026-02-03
Bikaji Foods International Ltd.,Fast Moving Consumer Goods,BIKAJI,EQ,INE00E101023,NIFTYMIDSMALLCAP400,2026-02-03
Biocon Ltd.,Healthcare,BIOCON,EQ,INE376G01013,NIFTYMIDSMALLCAP400,2026-02-03
Birlasoft Ltd.,Information Technology,BSOFT,EQ,INE836A01035,NIFTYMIDSMALLCAP400,2026-02-03
Blue Dart Express Ltd.,Services,BLUEDART,EQ,INE233B01017,NIFTYMIDSMALLCAP400,2026-02-03
Blue Jet Healthcare Ltd.,Healthcare,BLUEJET,EQ,INE0KBH01020,NIFTYMIDSMALLCAP400,2026-02-03
Blue Star Ltd.,Consumer Durables,BLUESTARCO,EQ,INE472A01039,NIFTYMIDSMALLCAP400,2026-02-03
Bombay Burmah Trading Corporation Ltd.,Fast Moving Consumer Goods,BBTC,EQ,INE050A01025,NIFTYMIDSMALLCAP400,2026-02-03
Brainbees Solutions Ltd.,Consumer Services,FIRSTCRY,EQ,INE02RE01045,NIFTYMIDSMALLCAP400,2026-02-03
Brigade Enterprises Ltd.,Realty,BRIGADE,EQ,INE791I01019,NIFTYMIDSMALLCAP400,2026-02-03
C.E. Info Systems Ltd.,Information Technology,MAPMYINDIA,EQ,INE0BV301023,NIFTYMIDSMALLCAP400,2026-02-03
CCL Products (I) Ltd.,Fast Moving Consumer Goods,CCL,EQ,INE421D01022,NIFTYMIDSMALLCAP400,2026-02-03
CESC Ltd.,Power,CESC,EQ,INE486A01021,NIFTYMIDSMALLCAP400,2026-02-03
CRISIL Ltd.,Financial Services,CRISIL,EQ,INE007A01025,NIFTYMIDSMALLCAP400,2026-02-03
Campus Activewear Ltd.,Consumer Durables,CAMPUS,EQ,INE278Y01022,NIFTYMIDSMALLCAP400,2026-02-03
Can Fin Homes Ltd.,Financial Services,CANFINHOME,EQ,INE477A01020,NIFTYMIDSMALLCAP400,2026-02-03
Caplin Point Laboratories Ltd.,Healthcare,CAPLIPOINT,EQ,INE475E01026,NIFTYMIDSMALLCAP400,2026-02-03
Capri Global Capital Ltd.,Financial Services,CGCL,EQ,INE180C01042,NIFTYMIDSMALLCAP400,2026-02-03
Carborundum Universal Ltd.,Capital Goods,CARBORUNIV,EQ,INE120A01034,NIFTYMIDSMALLCAP400,2026-02-03
Castrol India Ltd.,Oil Gas & Consumable Fuels,CASTROLIND,EQ,INE172A01027,NIFTYMIDSMALLCAP400,2026-02-03
Ceat Ltd.,Automobile and Auto Components,CEATLTD,EQ,INE482A01020,NIFTYMIDSMALLCAP400,2026-02-03
Central Bank of India,Financial Services,CENTRALBK,EQ,INE483A01010,NIFTYMIDSMALLCAP400,2026-02-03
Central Depository Services (India) Ltd.,Financial Services,CDSL,EQ,INE736A01011,NIFTYMIDSMALLCAP400,2026-02-03
Century Plyboards (India) Ltd.,Consumer Durables,CENTURYPLY,EQ,INE348B01021,NIFTYMIDSMALLCAP400,2026-02-03
Cera Sanitaryware Ltd,Consumer Durables,CERA,EQ,INE739E01017,NIFTYMIDSMALLCAP400,2026-02-03
Chalet Hotels Ltd.,Consumer Services,CHALET,EQ,INE427F01016,NIFTYMIDSMALLCAP400,2026-02-03
Chambal Fertilizers & Chemicals Ltd.,Chemicals,CHAMBLFERT,EQ,INE085A01013,NIFTYMIDSMALLCAP400,2026-02-03
Chennai Petroleum Corporation Ltd.,Oil Gas & Consumable Fuels,CHENNPETRO,EQ,INE178A01016,NIFTYMIDSMALLCAP400,2026-02-03
Choice International Ltd.,Financial Services,CHOICEIN,EQ,INE102B01014,NIFTYMIDSMALLCAP400,2026-02-03
Cholamandalam Financial Holdings Ltd.,Financial Services,CHOLAHLDNG,EQ,INE149A01033,NIFTYMIDSMALLCAP400,2026-02-03
City Union Bank Ltd.,Financial Services,CUB,EQ,INE491A01021,NIFTYMIDSMALLCAP400,2026-02-03
Clean Science and Technology Ltd.,Chemicals,CLEAN,EQ,INE227W01023,NIFTYMIDSMALLCAP400,2026-02-03
Cochin Shipyard Ltd.,Capital Goods,COCHINSHIP,EQ,INE704P01025,NIFTYMIDSMALLCAP400,2026-02-03
Coforge Ltd.,Information Technology,COFORGE,EQ,INE591G01025,NIFTYMIDSMALLCAP400,2026-02-03
Cohance Lifesciences Ltd.,Healthcare,COHANCE,EQ,INE03QK01018,NIFTYMIDSMALLCAP400,2026-02-03
Colgate Palmolive (India) Ltd.,Fast Moving Consumer Goods,COLPAL,EQ,INE259A01022,NIFTYMIDSMALLCAP400,2026-02-03
Computer Age Management Services Ltd.,Financial Services,CAMS,EQ,INE596I01020,NIFTYMIDSMALLCAP400,2026-02-03
Concord Biotech Ltd.,Healthcare,CONCORDBIO,EQ,INE338H01029,NIFTYMIDSMALLCAP400,2026-02-03
Container Corporation of India Ltd.,Services,CONCOR,EQ,INE111A01025,NIFTYMIDSMALLCAP400,2026-02-03
Coromandel International Ltd.,Chemicals,COROMANDEL,EQ,INE169A01031,NIFTYMIDSMALLCAP400,2026-02-03
Craftsman Automation Ltd.,Automobile and Auto Components,CRAFTSMAN,EQ,INE00LO01017,NIFTYMIDSMALLCAP400,2026-02-03
CreditAccess Grameen Ltd.,Financial Services,CREDITACC,EQ,INE741K01010,NIFTYMIDSMALLCAP400,2026-02-03
Crompton Greaves Consumer Electricals Ltd.,Consumer Durables,CROMPTON,EQ,INE299U01018,NIFTYMIDSMALLCAP400,2026-02-03
Cummins India Ltd.,Capital Goods,CUMMINSIND,EQ,INE298A01020,NIFTYMIDSMALLCAP400,2026-02-03
Cyient Ltd.,Information Technology,CYIENT,EQ,INE136B01020,NIFTYMIDSMALLCAP400,2026-02-03
DCM Shriram Ltd.,Diversified,DCMSHRIRAM,EQ,INE499A01024,NIFTYMIDSMALLCAP400,2026-02-03
DOMS Industries Ltd.,Fast Moving Consumer Goods,DOMS,EQ,INE321T01012,NIFTYMIDSMALLCAP400,2026-02-03
Dabur India Ltd.,Fast Moving Consumer Goods,DABUR,EQ,INE016A01026,NIFTYMIDSMALLCAP400,2026-02-03
Dalmia Bharat Ltd.,Construction Materials,DALBHARAT,EQ,INE00R701025,NIFTYMIDSMALLCAP400,2026-02-03
Data Patterns (India) Ltd.,Capital Goods,DATAPATTNS,EQ,INE0IX101010,NIFTYMIDSMALLCAP400,2026-02-03
Deepak Fertilisers & Petrochemicals Corp. Ltd.,Chemicals,DEEPAKFERT,EQ,INE501A01019,NIFTYMIDSMALLCAP400,2026-02-03
Deepak Nitrite Ltd.,Chemicals,DEEPAKNTR,EQ,INE288B01029,NIFTYMIDSMALLCAP400,2026-02-03
Delhivery Ltd.,Services,DELHIVERY,EQ,INE148O01028,NIFTYMIDSMALLCAP400,2026-02-03
Devyani International Ltd.,Consumer Services,DEVYANI,EQ,INE872J01023,NIFTYMIDSMALLCAP400,2026-02-03
Dixon Technologies (India) Ltd.,Consumer Durables,DIXON,EQ,INE935N01020,NIFTYMIDSMALLCAP400,2026-02-03
Dr. Agarwal's Health Care Ltd.,Healthcare,AGARWALEYE,EQ,INE943P01029,NIFTYMIDSMALLCAP400,2026-02-03
Dr. Lal Path Labs Ltd.,Healthcare,LALPATHLAB,EQ,INE600L01024,NIFTYMIDSMALLCAP400,2026-02-03
E.I.D. Parry (India) Ltd.,Fast Moving Consumer Goods,EIDPARRY,EQ,INE126A01031,NIFTYMIDSMALLCAP400,2026-02-03
EIH Ltd.,Consumer Services,EIHOTEL,EQ,INE230A01023,NIFTYMIDSMALLCAP400,2026-02-03
Elecon Engineering Co. Ltd.,Capital Goods,ELECON,EQ,INE205B01031,NIFTYMIDSMALLCAP400,2026-02-03
Elgi Equipments Ltd.,Capital Goods,ELGIEQUIP,EQ,INE285A01027,NIFTYMIDSMALLCAP400,2026-02-03
Emami Ltd.,Fast Moving Consumer Goods,EMAMILTD,EQ,INE548C01032,NIFTYMIDSMALLCAP400,2026-02-03
Emcure Pharmaceuticals Ltd.,Healthcare,EMCURE,EQ,INE168P01015,NIFTYMIDSMALLCAP400,2026-02-03
Endurance Technologies Ltd.,Automobile and Auto Components,ENDURANCE,EQ,INE913H01037,NIFTYMIDSMALLCAP400,2026-02-03
Engineers India Ltd.,Construction,ENGINERSIN,EQ,INE510A01028,NIFTYMIDSMALLCAP400,2026-02-03
Eris Lifesciences Ltd.,Healthcare,ERIS,EQ,INE406M01024,NIFTYMIDSMALLCAP400,2026-02-03
Escorts Kubota Ltd.,Capital Goods,ESCORTS,EQ,INE042A01014,NIFTYMIDSMALLCAP400,2026-02-03
Exide Industries Ltd.,Automobile and Auto Components,EXIDEIND,EQ,INE302A01020,NIFTYMIDSMALLCAP400,2026-02-03
FSN E-Commerce Ventures Ltd.,Consumer Services,NYKAA,EQ,INE388Y01029,NIFTYMIDSMALLCAP400,2026-02-03
Federal Bank Ltd.,Financial Services,FEDERALBNK,EQ,INE171A01029,NIFTYMIDSMALLCAP400,2026-02-03
Fertilisers and Chemicals Travancore Ltd.,Chemicals,FACT,EQ,INE188A01015,NIFTYMIDSMALLCAP400,2026-02-03
Finolex Cables Ltd.,Capital Goods,FINCABLES,EQ,INE235A01022,NIFTYMIDSMALLCAP400,2026-02-03
Finolex Industries Ltd.,Capital Goods,FINPIPE,EQ,INE183A01024,NIFTYMIDSMALLCAP400,2026-02-03
Firstsource Solutions Ltd.,Services,FSL,EQ,INE684F01012,NIFTYMIDSMALLCAP400,2026-02-03
Five-Star Business Finance Ltd.,Financial Services,FIVESTAR,EQ,INE128S01021,NIFTYMIDSMALLCAP400,2026-02-03
Force Motors Ltd.,Automobile and Auto Components,FORCEMOT,EQ,INE451A01017,NIFTYMIDSMALLCAP400,2026-02-03
Fortis Healthcare Ltd.,Healthcare,FORTIS,EQ,INE061F01013,NIFTYMIDSMALLCAP400,2026-02-03
GE Vernova T&D India Ltd.,Capital Goods,GVT&D,EQ,INE200A01026,NIFTYMIDSMALLCAP400,2026-02-03
GMR Airports Ltd.,Services,GMRAIRPORT,EQ,INE776C01039,NIFTYMIDSMALLCAP400,2026-02-03
Garden Reach Shipbuilders & Engineers Ltd.,Capital Goods,GRSE,EQ,INE382Z01011,NIFTYMIDSMALLCAP400,2026-02-03
General Insurance Corporation of India,Financial Services,GICRE,EQ,INE481Y01014,NIFTYMIDSMALLCAP400,2026-02-03
Gillette India Ltd.,Fast Moving Consumer Goods,GILLETTE,EQ,INE322A01010,NIFTYMIDSMALLCAP400,2026-02-03
Gland Pharma Ltd.,Healthcare,GLAND,EQ,INE068V01023,NIFTYMIDSMALLCAP400,2026-02-03
Glaxosmithkline Pharmaceuticals Ltd.,Healthcare,GLAXO,EQ,INE159A01016,NIFTYMIDSMALLCAP400,2026-02-03
Glenmark Pharmaceuticals Ltd.,Healthcare,GLENMARK,EQ,INE935A01035,NIFTYMIDSMALLCAP400,2026-02-03
Global Health Ltd.,Healthcare,MEDANTA,EQ,INE474Q01031,NIFTYMIDSMALLCAP400,2026-02-03
Go Digit General Insurance Ltd.,Financial Services,GODIGIT,EQ,INE03JT01014,NIFTYMIDSMALLCAP400,2026-02-03
Godawari Power & Ispat Ltd.,Capital Goods,GPIL,EQ,INE177H01039,NIFTYMIDSMALLCAP400,2026-02-03
Godfrey Phillips India Ltd.,Fast Moving Consumer Goods,GODFRYPHLP,EQ,INE260B01028,NIFTYMIDSMALLCAP400,2026-02-03
Godrej Agrovet Ltd.,Fast Moving Consumer Goods,GODREJAGRO,EQ,INE850D01014,NIFTYMIDSMALLCAP400,2026-02-03
Godrej Industries Ltd.,Diversified,GODREJIND,EQ,INE233A01035,NIFTYMIDSMALLCAP400,2026-02-03
Godrej Properties Ltd.,Realty,GODREJPROP,EQ,INE484J01027,NIFTYMIDSMALLCAP400,2026-02-03
Granules India Ltd.,Healthcare,GRANULES,EQ,INE101D01020,NIFTYMIDSMALLCAP400,2026-02-03
Graphite India Ltd.,Capital Goods,GRAPHITE,EQ,INE371A01025,NIFTYMIDSMALLCAP400,2026-02-03
Gravita India Ltd.,Metals & Mining,GRAVITA,EQ,INE024L01027,NIFTYMIDSMALLCAP400,2026-02-03
Great Eastern Shipping Co. Ltd.,Services,GESHIP,EQ,INE017A01032,NIFTYMIDSMALLCAP400,2026-02-03
Gujarat Fluorochemicals Ltd.,Chemicals,FLUOROCHEM,EQ,INE09N301011,NIFTYMIDSMALLCAP400,2026-02-03
Gujarat Gas Ltd.,Oil Gas & Consumable Fuels,GUJGASLTD,EQ,INE844O01030,NIFTYMIDSMALLCAP400,2026-02-03
Gujarat Mineral Development Corporation Ltd.,Metals & Mining,GMDCLTD,EQ,INE131A01031,NIFTYMIDSMALLCAP400,2026-02-03
Gujarat State Petronet Ltd.,Oil Gas & Consumable Fuels,GSPL,EQ,INE246F01010,NIFTYMIDSMALLCAP400,2026-02-03
H.E.G. Ltd.,Capital Goods,HEG,EQ,INE545A01024,NIFTYMIDSMALLCAP400,2026-02-03
HBL Engineering Ltd.,Capital Goods,HBLENGINE,EQ,INE292B01021,NIFTYMIDSMALLCAP400,2026-02-03
HDFC Asset Management Company Ltd.,Financial Services,HDFCAMC,EQ,INE127D01025,NIFTYMIDSMALLCAP400,2026-02-03
HFCL Ltd.,Telecommunication,HFCL,EQ,INE548A01028,NIFTYMIDSMALLCAP400,2026-02-03
Happiest Minds Technologies Ltd.,Information Technology,HAPPSTMNDS,EQ,INE419U01012,NIFTYMIDSMALLCAP400,2026-02-03
Hero MotoCorp Ltd.,Automobile and Auto Components,HEROMOTOCO,EQ,INE158A01026,NIFTYMIDSMALLCAP400,2026-02-03
Hexaware Technologies Ltd.,Information Technology,HEXT,EQ,INE093A01041,NIFTYMIDSMALLCAP400,2026-02-03
Himadri Speciality Chemical Ltd.,Chemicals,HSCL,EQ,INE019C01026,NIFTYMIDSMALLCAP400,2026-02-03
Hindustan Copper Ltd.,Metals & Mining,HINDCOPPER,EQ,INE531E01026,NIFTYMIDSMALLCAP400,2026-02-03
Hindustan Petroleum Corporation Ltd.,Oil Gas & Consumable Fuels,HINDPETRO,EQ,INE094A01015,NIFTYMIDSMALLCAP400,2026-02-03
Hitachi Energy India Ltd.,Capital Goods,POWERINDIA,EQ,INE07Y701011,NIFTYMIDSMALLCAP400,2026-02-03
Home First Finance Company India Ltd.,Financial Services,HOMEFIRST,EQ,INE481N01025,NIFTYMIDSMALLCAP400,2026-02-03
Honasa Consumer Ltd.,Fast Moving Consumer Goods,HONASA,EQ,INE0J5401028,NIFTYMIDSMALLCAP400,2026-02-03
Honeywell Automation India Ltd.,Capital Goods,HONAUT,EQ,INE671A01010,NIFTYMIDSMALLCAP400,2026-02-03
Housing & Urban Development Corporation Ltd.,Financial Services,HUDCO,EQ,INE031A01017,NIFTYMIDSMALLCAP400,2026-02-03
ICICI Prudential Life Insurance Company Ltd.,Financial Services,ICICIPRULI,EQ,INE726G01019,NIFTYMIDSMALLCAP400,2026-02-03
IDBI Bank Ltd.,Financial Services,IDBI,EQ,INE008A01015,NIFTYMIDSMALLCAP400,2026-02-03
IDFC First Bank Ltd.,Financial Services,IDFCFIRSTB,EQ,INE092T01019,NIFTYMIDSMALLCAP400,2026-02-03
IFCI Ltd.,Financial Services,IFCI,EQ,INE039A01010,NIFTYMIDSMALLCAP400,2026-02-03
IIFL Finance Ltd.,Financial Services,IIFL,EQ,INE530B01024,NIFTYMIDSMALLCAP400,2026-02-03
INOX India Ltd.,Capital Goods,INOXINDIA,EQ,INE616N01034,NIFTYMIDSMALLCAP400,2026-02-03
IRB Infrastructure Developers Ltd.,Construction,IRB,EQ,INE821I01022,NIFTYMIDSMALLCAP400,2026-02-03
IRCON International Ltd.,Construction,IRCON,EQ,INE962Y01021,NIFTYMIDSMALLCAP400,2026-02-03
ITC Hotels Ltd.,Consumer Services,ITCHOTELS,EQ,INE379A01028,NIFTYMIDSMALLCAP400,2026-02-03
ITI Ltd.,Telecommunication,ITI,EQ,INE248A01017,NIFTYMIDSMALLCAP400,2026-02-03
Indegene Ltd.,Healthcare,INDGN,EQ,INE065X01017,NIFTYMIDSMALLCAP400,2026-02-03
India Cements Ltd.,Construction Materials,INDIACEM,EQ,INE383A01012,NIFTYMIDSMALLCAP400,2026-02-03
Indiamart Intermesh Ltd.,Consumer Services,INDIAMART,EQ,INE933S01016,NIFTYMIDSMALLCAP400,2026-02-03
Indian Bank,Financial Services,INDIANB,EQ,INE562A01011,NIFTYMIDSMALLCAP400,2026-02-03
Indian Energy Exchange Ltd.,Financial Services,IEX,EQ,INE022Q01020,NIFTYMIDSMALLCAP400,2026-02-03
Indian Overseas Bank,Financial Services,IOB,EQ,INE565A01014,NIFTYMIDSMALLCAP400,2026-02-03
Indian Railway Catering And Tourism Corporation Ltd.,Consumer Services,IRCTC,EQ,INE335Y01020,NIFTYMIDSMALLCAP400,2026-02-03
Indian Renewable Energy Development Agency Ltd.,Financial Services,IREDA,EQ,INE202E01016,NIFTYMIDSMALLCAP400,2026-02-03
Indraprastha Gas Ltd.,Oil Gas & Consumable Fuels,IGL,EQ,INE203G01027,NIFTYMIDSMALLCAP400,2026-02-03
Indus Towers Ltd.,Telecommunication,INDUSTOWER,EQ,INE121J01017,NIFTYMIDSMALLCAP400,2026-02-03
IndusInd Bank Ltd.,Financial Services,INDUSINDBK,EQ,INE095A01012,NIFTYMIDSMALLCAP400,2026-02-03
Inox Wind Ltd.,Capital Goods,INOXWIND,EQ,INE066P01011,NIFTYMIDSMALLCAP400,2026-02-03
Intellect Design Arena Ltd.,Information Technology,INTELLECT,EQ,INE306R01017,NIFTYMIDSMALLCAP400,2026-02-03
International Gemmological Institute (India) Ltd.,Services,IGIL,EQ,INE0Q9301021,NIFTYMIDSMALLCAP400,2026-02-03
Inventurus Knowledge Solutions Ltd.,Information Technology,IKS,EQ,INE115Q01022,NIFTYMIDSMALLCAP400,2026-02-03
Ipca Laboratories Ltd.,Healthcare,IPCALAB,EQ,INE571A01038,NIFTYMIDSMALLCAP400,2026-02-03
J.B. Chemicals & Pharmaceuticals Ltd.,Healthcare,JBCHEPHARM,EQ,INE572A01036,NIFTYMIDSMALLCAP400,2026-02-03
J.K. Cement Ltd.,Construction Materials,JKCEMENT,EQ,INE823G01014,NIFTYMIDSMALLCAP400,2026-02-03
JBM Auto Ltd.,Automobile and Auto Components,JBMA,EQ,INE927D01051,NIFTYMIDSMALLCAP400,2026-02-03
JK Tyre & Industries Ltd.,Automobile and Auto Components,JKTYRE,EQ,INE573A01042,NIFTYMIDSMALLCAP400,2026-02-03
JM Financial Ltd.,Financial Services,JMFINANCIL,EQ,INE780C01023,NIFTYMIDSMALLCAP400,2026-02-03
JSW Cement Ltd.,Construction Materials,JSWCEMENT,EQ,INE718I01012,NIFTYMIDSMALLCAP400,2026-02-03
JSW Infrastructure Ltd.,Services,JSWINFRA,EQ,INE880J01026,NIFTYMIDSMALLCAP400,2026-02-03
Jaiprakash Power Ventures Ltd.,Power,JPPOWER,EQ,INE351F01018,NIFTYMIDSMALLCAP400,2026-02-03
Jammu & Kashmir Bank Ltd.,Financial Services,J&KBANK,EQ,INE168A01041,NIFTYMIDSMALLCAP400,2026-02-03
Jindal Saw Ltd.,Capital Goods,JINDALSAW,EQ,INE324A01032,NIFTYMIDSMALLCAP400,2026-02-03
Jindal Stainless Ltd.,Metals & Mining,JSL,EQ,INE220G01021,NIFTYMIDSMALLCAP400,2026-02-03
Jubilant Foodworks Ltd.,Consumer Services,JUBLFOOD,EQ,INE797F01020,NIFTYMIDSMALLCAP400,2026-02-03
Jubilant Ingrevia Ltd.,Chemicals,JUBLINGREA,EQ,INE0BY001018,NIFTYMIDSMALLCAP400,2026-02-03
Jubilant Pharmova Ltd.,Healthcare,JUBLPHARMA,EQ,INE700A01033,NIFTYMIDSMALLCAP400,2026-02-03
Jupiter Wagons Ltd.,Capital Goods,JWL,EQ,INE209L01016,NIFTYMIDSMALLCAP400,2026-02-03
Jyothy Labs Ltd.,Fast Moving Consumer Goods,JYOTHYLAB,EQ,INE668F01031,NIFTYMIDSMALLCAP400,2026-02-03
Jyoti CNC Automation Ltd.,Capital Goods,JYOTICNC,EQ,INE980O01024,NIFTYMIDSMALLCAP400,2026-02-03
K.P.R. Mill Ltd.,Textiles,KPRMILL,EQ,INE930H01031,NIFTYMIDSMALLCAP400,2026-02-03
KEI Industries Ltd.,Capital Goods,KEI,EQ,INE878B01027,NIFTYMIDSMALLCAP400,2026-02-03
KPIT Technologies Ltd.,Information Technology,KPITTECH,EQ,INE04I401011,NIFTYMIDSMALLCAP400,2026-02-03
KSB Ltd.,Capital Goods,KSB,EQ,INE999A01023,NIFTYMIDSMALLCAP400,2026-02-03
Kajaria Ceramics Ltd.,Consumer Durables,KAJARIACER,EQ,INE217B01036,NIFTYMIDSMALLCAP400,2026-02-03
Kalpataru Projects International Ltd.,Construction,KPIL,EQ,INE220B01022,NIFTYMIDSMALLCAP400,2026-02-03
Kalyan Jewellers India Ltd.,Consumer Durables,KALYANKJIL,EQ,INE303R01014,NIFTYMIDSMALLCAP400,2026-02-03
Karur Vysya Bank Ltd.,Financial Services,KARURVYSYA,EQ,INE036D01028,NIFTYMIDSMALLCAP400,2026-02-03
Kaynes Technology India Ltd.,Capital Goods,KAYNES,EQ,INE918Z01012,NIFTYMIDSMALLCAP400,2026-02-03
Kec International Ltd.,Construction,KEC,EQ,INE389H01022,NIFTYMIDSMALLCAP400,2026-02-03
Kfin Technologies Ltd.,Financial Services,KFINTECH,EQ,INE138Y01010,NIFTYMIDSMALLCAP400,2026-02-03
Kirloskar Brothers Ltd.,Capital Goods,KIRLOSBROS,EQ,INE732A01036,NIFTYMIDSMALLCAP400,2026-02-03
Kirloskar Oil Eng Ltd.,Capital Goods,KIRLOSENG,EQ,INE146L01010,NIFTYMIDSMALLCAP400,2026-02-03
Krishna Institute of Medical Sciences Ltd.,Healthcare,KIMS,EQ,INE967H01025,NIFTYMIDSMALLCAP400,2026-02-03
L&T Finance Ltd.,Financial Services,LTF,EQ,INE498L01015,NIFTYMIDSMALLCAP400,2026-02-03
L&T Technology Services Ltd.,Information Technology,LTTS,EQ,INE010V01017,NIFTYMIDSMALLCAP400,2026-02-03
LIC Housing Finance Ltd.,Financial Services,LICHSGFIN,EQ,INE115A01026,NIFTYMIDSMALLCAP400,2026-02-03
LT Foods Ltd.,Fast Moving Consumer Goods,LTFOODS,EQ,INE818H01020,NIFTYMIDSMALLCAP400,2026-02-03
Latent View Analytics Ltd.,Information Technology,LATENTVIEW,EQ,INE0I7C01011,NIFTYMIDSMALLCAP400,2026-02-03
Laurus Labs Ltd.,Healthcare,LAURUSLABS,EQ,INE947Q01028,NIFTYMIDSMALLCAP400,2026-02-03
Leela Palaces Hotels & Resorts Ltd.,Consumer Services,THELEELA,EQ,INE0AQ201015,NIFTYMIDSMALLCAP400,2026-02-03
Lemon Tree Hotels Ltd.,Consumer Services,LEMONTREE,EQ,INE970X01018,NIFTYMIDSMALLCAP400,2026-02-03
Linde India Ltd.,Chemicals,LINDEINDIA,EQ,INE473A01011,NIFTYMIDSMALLCAP400,2026-02-03
Lloyds Metals And Energy Ltd.,Metals & Mining,LLOYDSME,EQ,INE281B01032,NIFTYMIDSMALLCAP400,2026-02-03
Lupin Ltd.,Healthcare,LUPIN,EQ,INE326A01037,NIFTYMIDSMALLCAP400,2026-02-03
MMTC Ltd.,Services,MMTC,EQ,INE123F01029,NIFTYMIDSMALLCAP400,2026-02-03
MRF Ltd.,Automobile and Auto Components,MRF,EQ,INE883A01011,NIFTYMIDSMALLCAP400,2026-02-03
Mahanagar Gas Ltd.,Oil Gas & Consumable Fuels,MGL,EQ,INE002S01010,NIFTYMIDSMALLCAP400,2026-02-03
Maharashtra Scooters Ltd.,Financial Services,MAHSCOOTER,EQ,INE288A01013,NIFTYMIDSMALLCAP400,2026-02-03
Maharashtra Seamless Ltd.,Capital Goods,MAHSEAMLES,EQ,INE271B01025,NIFTYMIDSMALLCAP400,2026-02-03
Mahindra & Mahindra Financial Services Ltd.,Financial Services,M&MFIN,EQ,INE774D01024,NIFTYMIDSMALLCAP400,2026-02-03
Manappuram Finance Ltd.,Financial Services,MANAPPURAM,EQ,INE522D01027,NIFTYMIDSMALLCAP400,2026-02-03
Mangalore Refinery & Petrochemicals Ltd.,Oil Gas & Consumable Fuels,MRPL,EQ,INE103A01014,NIFTYMIDSMALLCAP400,2026-02-03
Mankind Pharma Ltd.,Healthcare,MANKIND,EQ,INE634S01028,NIFTYMIDSMALLCAP400,2026-02-03
Marico Ltd.,Fast Moving Consumer Goods,MARICO,EQ,INE196A01026,NIFTYMIDSMALLCAP400,2026-02-03
Max Financial Services Ltd.,Financial Services,MFSL,EQ,INE180A01020,NIFTYMIDSMALLCAP400,2026-02-03
Metropolis Healthcare Ltd.,Healthcare,METROPOLIS,EQ,INE112L01020,NIFTYMIDSMALLCAP400,2026-02-03
Minda Corporation Ltd.,Automobile and Auto Components,MINDACORP,EQ,INE842C01021,NIFTYMIDSMALLCAP400,2026-02-03
Motherson Sumi Wiring India Ltd.,Automobile and Auto Components,MSUMI,EQ,INE0FS801015,NIFTYMIDSMALLCAP400,2026-02-03
Motilal Oswal Financial Services Ltd.,Financial Services,MOTILALOFS,EQ,INE338I01027,NIFTYMIDSMALLCAP400,2026-02-03
MphasiS Ltd.,Information Technology,MPHASIS,EQ,INE356A01018,NIFTYMIDSMALLCAP400,2026-02-03
Multi Commodity Exchange of India Ltd.,Financial Services,MCX,EQ,INE745G01043,NIFTYMIDSMALLCAP400,2026-02-03
Muthoot Finance Ltd.,Financial Services,MUTHOOTFIN,EQ,INE414G01012,NIFTYMIDSMALLCAP400,2026-02-03
NATCO Pharma Ltd.,Healthcare,NATCOPHARM,EQ,INE987B01026,NIFTYMIDSMALLCAP400,2026-02-03
NBCC (India) Ltd.,Construction,NBCC,EQ,INE095N01031,NIFTYMIDSMALLCAP400,2026-02-03
NCC Ltd.,Construction,NCC,EQ,INE868B01028,NIFTYMIDSMALLCAP400,2026-02-03
NHPC Ltd.,Power,NHPC,EQ,INE848E01016,NIFTYMIDSMALLCAP400,2026-02-03
NLC India Ltd.,Power,NLCINDIA,EQ,INE589A01014,NIFTYMIDSMALLCAP400,2026-02-03
NMDC Ltd.,Metals & Mining,NMDC,EQ,INE584A01023,NIFTYMIDSMALLCAP400,2026-02-03
NMDC Steel Ltd.,Metals & Mining,NSLNISP,EQ,INE0NNS01018,NIFTYMIDSMALLCAP400,2026-02-03
NTPC Green Energy Ltd.,Power,NTPCGREEN,EQ,INE0ONG01011,NIFTYMIDSMALLCAP400,2026-02-03
Narayana Hrudayalaya Ltd.,Healthcare,NH,EQ,INE410P01011,NIFTYMIDSMALLCAP400,2026-02-03
National Aluminium Co. Ltd.,Metals & Mining,NATIONALUM,EQ,INE139A01034,NIFTYMIDSMALLCAP400,2026-02-03
Nava Ltd.,Power,NAVA,EQ,INE725A01030,NIFTYMIDSMALLCAP400,2026-02-03
Navin Fluorine International Ltd.,Chemicals,NAVINFLUOR,EQ,INE048G01026,NIFTYMIDSMALLCAP400,2026-02-03
Netweb Technologies India Ltd.,Information Technology,NETWEB,EQ,INE0NT901020,NIFTYMIDSMALLCAP400,2026-02-03
Neuland Laboratories Ltd.,Healthcare,NEULANDLAB,EQ,INE794A01010,NIFTYMIDSMALLCAP400,2026-02-03
Newgen Software Technologies Ltd.,Information Technology,NEWGEN,EQ,INE619B01017,NIFTYMIDSMALLCAP400,2026-02-03
Nippon Life India Asset Management Ltd.,Financial Services,NAM-INDIA,EQ,INE298J01013,NIFTYMIDSMALLCAP400,2026-02-03
Niva Bupa Health Insurance Company Ltd.,Financial Services,NIVABUPA,EQ,INE995S01015,NIFTYMIDSMALLCAP400,2026-02-03
Nuvama Wealth Management Ltd.,Financial Services,NUVAMA,EQ,INE531F01023,NIFTYMIDSMALLCAP400,2026-02-03
Nuvoco Vistas Corporation Ltd.,Construction Materials,NUVOCO,EQ,INE118D01016,NIFTYMIDSMALLCAP400,2026-02-03
Oberoi Realty Ltd.,Realty,OBEROIRLTY,EQ,INE093I01010,NIFTYMIDSMALLCAP400,2026-02-03
Oil India Ltd.,Oil Gas & Consumable Fuels,OIL,EQ,INE274J01014,NIFTYMIDSMALLCAP400,2026-02-03
Ola Electric Mobility Ltd.,Automobile and Auto Components,OLAELEC,EQ,INE0LXG01040,NIFTYMIDSMALLCAP400,2026-02-03
Olectra Greentech Ltd.,Automobile and Auto Components,OLECTRA,EQ,INE260D01016,NIFTYMIDSMALLCAP400,2026-02-03
One 97 Communications Ltd.,Financial Services,PAYTM,EQ,INE982J01020,NIFTYMIDSMALLCAP400,2026-02-03
Onesource Specialty Pharma Ltd.,Healthcare,ONESOURCE,EQ,INE013P01021,NIFTYMIDSMALLCAP400,2026-02-03
Oracle Financial Services Software Ltd.,Information Technology,OFSS,EQ,INE881D01027,NIFTYMIDSMALLCAP400,2026-02-03
PB Fintech Ltd.,Financial Services,POLICYBZR,EQ,INE417T01026,NIFTYMIDSMALLCAP400,2026-02-03
PCBL Chemical Ltd.,Chemicals,PCBL,EQ,INE602A01031,NIFTYMIDSMALLCAP400,2026-02-03
PG Electroplast Ltd.,Consumer Durables,PGEL,EQ,INE457L01029,NIFTYMIDSMALLCAP400,2026-02-03
PI Industries Ltd.,Chemicals,PIIND,EQ,INE603J01030,NIFTYMIDSMALLCAP400,2026-02-03
PNB Housing Finance Ltd.,Financial Services,PNBHOUSING,EQ,INE572E01012,NIFTYMIDSMALLCAP400,2026-02-03
PTC Industries Ltd.,Capital Goods,PTCIL,EQ,INE596F01018,NIFTYMIDSMALLCAP400,2026-02-03
PVR INOX Ltd.,Media Entertainment & Publication,PVRINOX,EQ,INE191H01014,NIFTYMIDSMALLCAP400,2026-02-03
Page Industries Ltd.,Textiles,PAGEIND,EQ,INE761H01022,NIFTYMIDSMALLCAP400,2026-02-03
Patanjali Foods Ltd.,Fast Moving Consumer Goods,PATANJALI,EQ,INE619A01035,NIFTYMIDSMALLCAP400,2026-02-03
Persistent Systems Ltd.,Information Technology,PERSISTENT,EQ,INE262H01021,NIFTYMIDSMALLCAP400,2026-02-03
Petronet LNG Ltd.,Oil Gas & Consumable Fuels,PETRONET,EQ,INE347G01014,NIFTYMIDSMALLCAP400,2026-02-03
Pfizer Ltd.,Healthcare,PFIZER,EQ,INE182A01018,NIFTYMIDSMALLCAP400,2026-02-03
Phoenix Mills Ltd.,Realty,PHOENIXLTD,EQ,INE211B01039,NIFTYMIDSMALLCAP400,2026-02-03
Piramal Pharma Ltd.,Healthcare,PPLPHARMA,EQ,INE0DK501011,NIFTYMIDSMALLCAP400,2026-02-03
Poly Medicure Ltd.,Healthcare,POLYMED,EQ,INE205C01021,NIFTYMIDSMALLCAP400,2026-02-03
Polycab India Ltd.,Capital Goods,POLYCAB,EQ,INE455K01017,NIFTYMIDSMALLCAP400,2026-02-03
Poonawalla Fincorp Ltd.,Financial Services,POONAWALLA,EQ,INE511C01022,NIFTYMIDSMALLCAP400,2026-02-03
Praj Industries Ltd.,Capital Goods,PRAJIND,EQ,INE074A01025,NIFTYMIDSMALLCAP400,2026-02-03
Premier Energies Ltd.,Capital Goods,PREMIERENE,EQ,INE0BS701011,NIFTYMIDSMALLCAP400,2026-02-03
Prestige Estates Projects Ltd.,Realty,PRESTIGE,EQ,INE811K01011,NIFTYMIDSMALLCAP400,2026-02-03
Procter & Gamble Hygiene & Health Care Ltd.,Fast Moving Consumer Goods,PGHH,EQ,INE179A01014,NIFTYMIDSMALLCAP400,2026-02-03
R R Kabel Ltd.,Capital Goods,RRKABEL,EQ,INE777K01022,NIFTYMIDSMALLCAP400,2026-02-03
RBL Bank Ltd.,Financial Services,RBLBANK,EQ,INE976G01028,NIFTYMIDSMALLCAP400,2026-02-03
RHI MAGNESITA INDIA LTD.,Capital Goods,RHIM,EQ,INE743M01012,NIFTYMIDSMALLCAP400,2026-02-03
RITES Ltd.,Construction,RITES,EQ,INE320J01015,NIFTYMIDSMALLCAP400,2026-02-03
Radico Khaitan Ltd,Fast Moving Consumer Goods,RADICO,EQ,INE944F01028,NIFTYMIDSMALLCAP400,2026-02-03
Rail Vikas Nigam Ltd.,Construction,RVNL,EQ,INE415G01027,NIFTYMIDSMALLCAP400,2026-02-03
Railtel Corporation Of India Ltd.,Telecommunication,RAILTEL,EQ,INE0DD101019,NIFTYMIDSMALLCAP400,2026-02-03
Rainbow Childrens Medicare Ltd.,Healthcare,RAINBOW,EQ,INE961O01016,NIFTYMIDSMALLCAP400,2026-02-03
Ramkrishna Forgings Ltd.,Automobile and Auto Components,RKFORGE,EQ,INE399G01023,NIFTYMIDSMALLCAP400,2026-02-03
Rashtriya Chemicals & Fertilizers Ltd.,Chemicals,RCF,EQ,INE027A01015,NIFTYMIDSMALLCAP400,2026-02-03
Redington Ltd.,Services,REDINGTON,EQ,INE891D01026,NIFTYMIDSMALLCAP400,2026-02-03
Reliance Infrastructure Ltd.,Power,RELINFRA,BE,INE036A01016,NIFTYMIDSMALLCAP400,2026-02-03
Reliance Power Ltd.,Power,RPOWER,EQ,INE614G01033,NIFTYMIDSMALLCAP400,2026-02-03
SBFC Finance Ltd.,Financial Services,SBFC,EQ,INE423Y01016,NIFTYMIDSMALLCAP400,2026-02-03
SBI Cards and Payment Services Ltd.,Financial Services,SBICARD,EQ,INE018E01016,NIFTYMIDSMALLCAP400,2026-02-03
SJVN Ltd.,Power,SJVN,EQ,INE002L01015,NIFTYMIDSMALLCAP400,2026-02-03
SRF Ltd.,Chemicals,SRF,EQ,INE647A01010,NIFTYMIDSMALLCAP400,2026-02-03
Sagility Ltd.,Information Technology,SAGILITY,EQ,INE0W2G01015,NIFTYMIDSMALLCAP400,2026-02-03
Sai Life Sciences Ltd.,Healthcare,SAILIFE,EQ,INE570L01029,NIFTYMIDSMALLCAP400,2026-02-03
Sammaan Capital Ltd.,Financial Services,SAMMAANCAP,EQ,INE148I01020,NIFTYMIDSMALLCAP400,2026-02-03
Sapphire Foods India Ltd.,Consumer Services,SAPPHIRE,EQ,INE806T01020,NIFTYMIDSMALLCAP400,2026-02-03
Sarda Energy and Minerals Ltd.,Metals & Mining,SARDAEN,EQ,INE385C01021,NIFTYMIDSMALLCAP400,2026-02-03
Saregama India Ltd,Media Entertainment & Publication,SAREGAMA,EQ,INE979A01025,NIFTYMIDSMALLCAP400,2026-02-03
Schaeffler India Ltd.,Automobile and Auto Components,SCHAEFFLER,EQ,INE513A01022,NIFTYMIDSMALLCAP400,2026-02-03
Schneider Electric Infrastructure Ltd.,Capital Goods,SCHNEIDER,EQ,INE839M01018,NIFTYMIDSMALLCAP400,2026-02-03
Shipping Corporation of India Ltd.,Services,SCI,EQ,INE109A01011,NIFTYMIDSMALLCAP400,2026-02-03
Shyam Metalics and Energy Ltd.,Capital Goods,SHYAMMETL,EQ,INE810G01011,NIFTYMIDSMALLCAP400,2026-02-03
Signatureglobal (India) Ltd.,Realty,SIGNATURE,EQ,INE903U01023,NIFTYMIDSMALLCAP400,2026-02-03
Sobha Ltd.,Realty,SOBHA,EQ,INE671H01015,NIFTYMIDSMALLCAP400,2026-02-03
Sona BLW Precision Forgings Ltd.,Automobile and Auto Components,SONACOMS,EQ,INE073K01018,NIFTYMIDSMALLCAP400,2026-02-03
Sonata Software Ltd.,Information Technology,SONATSOFTW,EQ,INE269A01021,NIFTYMIDSMALLCAP400,2026-02-03
Star Health and Allied Insurance Company Ltd.,Financial Services,STARHEALTH,EQ,INE575P01011,NIFTYMIDSMALLCAP400,2026-02-03
Steel Authority of India Ltd.,Metals & Mining,SAIL,EQ,INE114A01011,NIFTYMIDSMALLCAP400,2026-02-03
Sumitomo Chemical India Ltd.,Chemicals,SUMICHEM,EQ,INE258G01013,NIFTYMIDSMALLCAP400,2026-02-03
Sun TV Network Ltd.,Media Entertainment & Publication,SUNTV,EQ,INE424H01027,NIFTYMIDSMALLCAP400,2026-02-03
Sundaram Finance Ltd.,Financial Services,SUNDARMFIN,EQ,INE660A01013,NIFTYMIDSMALLCAP400,2026-02-03
Sundram Fasteners Ltd.,Automobile and Auto Components,SUNDRMFAST,EQ,INE387A01021,NIFTYMIDSMALLCAP400,2026-02-03
Supreme Industries Ltd.,Capital Goods,SUPREMEIND,EQ,INE195A01028,NIFTYMIDSMALLCAP400,2026-02-03
Suzlon Energy Ltd.,Capital Goods,SUZLON,EQ,INE040H01021,NIFTYMIDSMALLCAP400,2026-02-03
Swan Corp Ltd.,Chemicals,SWANCORP,EQ,INE665A01038,NIFTYMIDSMALLCAP400,2026-02-03
Swiggy Ltd.,Consumer Services,SWIGGY,EQ,INE00H001014,NIFTYMIDSMALLCAP400,2026-02-03
Syngene International Ltd.,Healthcare,SYNGENE,EQ,INE398R01022,NIFTYMIDSMALLCAP400,2026-02-03
Syrma SGS Technology Ltd.,Capital Goods,SYRMA,EQ,INE0DYJ01015,NIFTYMIDSMALLCAP400,2026-02-03
TBO Tek Ltd.,Consumer Services,TBOTEK,EQ,INE673O01025,NIFTYMIDSMALLCAP400,2026-02-03
Tata Chemicals Ltd.,Chemicals,TATACHEM,EQ,INE092A01019,NIFTYMIDSMALLCAP400,2026-02-03
Tata Communications Ltd.,Telecommunication,TATACOMM,EQ,INE151A01013,NIFTYMIDSMALLCAP400,2026-02-03
Tata Elxsi Ltd.,Information Technology,TATAELXSI,EQ,INE670A01012,NIFTYMIDSMALLCAP400,2026-02-03
Tata Investment Corporation Ltd.,Financial Services,TATAINVEST,EQ,INE672A01026,NIFTYMIDSMALLCAP400,2026-02-03
Tata Technologies Ltd.,Information Technology,TATATECH,EQ,INE142M01025,NIFTYMIDSMALLCAP400,2026-02-03
Tata Teleservices (Maharashtra) Ltd.,Telecommunication,TTML,EQ,INE517B01013,NIFTYMIDSMALLCAP400,2026-02-03
Techno Electric & Engineering Company Ltd.,Construction,TECHNOE,EQ,INE285K01026,NIFTYMIDSMALLCAP400,2026-02-03
Tejas Networks Ltd.,Telecommunication,TEJASNET,EQ,INE010J01012,NIFTYMIDSMALLCAP400,2026-02-03
The New India Assurance Company Ltd.,Financial Services,NIACL,EQ,INE470Y01017,NIFTYMIDSMALLCAP400,2026-02-03
The Ramco Cements Ltd.,Construction Materials,RAMCOCEM,EQ,INE331A01037,NIFTYMIDSMALLCAP400,2026-02-03
Thermax Ltd.,Capital Goods,THERMAX,EQ,INE152A01029,NIFTYMIDSMALLCAP400,2026-02-03
Timken India Ltd.,Capital Goods,TIMKEN,EQ,INE325A01013,NIFTYMIDSMALLCAP400,2026-02-03
Titagarh Rail Systems Ltd.,Capital Goods,TITAGARH,EQ,INE615H01020,NIFTYMIDSMALLCAP400,2026-02-03
Torrent Power Ltd.,Power,TORNTPOWER,EQ,INE813H01021,NIFTYMIDSMALLCAP400,2026-02-03
Transformers And Rectifiers (India) Ltd.,Capital Goods,TARIL,EQ,INE763I01026,NIFTYMIDSMALLCAP400,2026-02-03
Trident Ltd.,Textiles,TRIDENT,EQ,INE064C01022,NIFTYMIDSMALLCAP400,2026-02-03
Triveni Engineering & Industries Ltd.,Fast Moving Consumer Goods,TRIVENI,EQ,INE256C01024,NIFTYMIDSMALLCAP400,2026-02-03
Triveni Turbine Ltd.,Capital Goods,TRITURBINE,EQ,INE152M01016,NIFTYMIDSMALLCAP400,2026-02-03
Tube Investments of India Ltd.,Automobile and Auto Components,TIINDIA,EQ,INE974X01010,NIFTYMIDSMALLCAP400,2026-02-03
UCO Bank,Financial Services,UCOBANK,EQ,INE691A01018,NIFTYMIDSMALLCAP400,2026-02-03
UNO Minda Ltd.,Automobile and Auto Components,UNOMINDA,EQ,INE405E01023,NIFTYMIDSMALLCAP400,2026-02-03
UPL Ltd.,Chemicals,UPL,EQ,INE628A01036,NIFTYMIDSMALLCAP400,2026-02-03
UTI Asset Management Company Ltd.,Financial Services,UTIAMC,EQ,INE094J01016,NIFTYMIDSMALLCAP400,2026-02-03
Union Bank of India,Financial Services,UNIONBANK,EQ,INE692A01016,NIFTYMIDSMALLCAP400,2026-02-03
United Breweries Ltd.,Fast Moving Consumer Goods,UBL,EQ,INE686F01025,NIFTYMIDSMALLCAP400,2026-02-03
Usha Martin Ltd.,Capital Goods,USHAMART,EQ,INE228A01035,NIFTYMIDSMALLCAP400,2026-02-03
V-Guard Industries Ltd.,Consumer Durables,VGUARD,EQ,INE951I01027,NIFTYMIDSMALLCAP400,2026-02-03
Valor Estate Ltd.,Consumer Services,DBREALTY,EQ,INE879I01012,NIFTYMIDSMALLCAP400,2026-02-03
Vardhman Textiles Ltd.,Textiles,VTL,EQ,INE825A01020,NIFTYMIDSMALLCAP400,2026-02-03
Vedant Fashions Ltd.,Consumer Services,MANYAVAR,EQ,INE825V01034,NIFTYMIDSMALLCAP400,2026-02-03
Ventive Hospitality Ltd.,Consumer Services,VENTIVE,EQ,INE781S01027,NIFTYMIDSMALLCAP400,2026-02-03
Vijaya Diagnostic Centre Ltd.,Healthcare,VIJAYA,EQ,INE043W01024,NIFTYMIDSMALLCAP400,2026-02-03
Vishal Mega Mart Ltd.,Consumer Services,VMM,EQ,INE01EA01019,NIFTYMIDSMALLCAP400,2026-02-03
Vodafone Idea Ltd.,Telecommunication,IDEA,EQ,INE669E01016,NIFTYMIDSMALLCAP400,2026-02-03
Voltas Ltd.,Consumer Durables,VOLTAS,EQ,INE226A01021,NIFTYMIDSMALLCAP400,2026-02-03
Waaree Energies Ltd.,Capital Goods,WAAREEENER,EQ,INE377N01017,NIFTYMIDSMALLCAP400,2026-02-03
Welspun Corp Ltd.,Capital Goods,WELCORP,EQ,INE191B01025,NIFTYMIDSMALLCAP400,2026-02-03
Welspun Living Ltd.,Textiles,WELSPUNLIV,EQ,INE192B01031,NIFTYMIDSMALLCAP400,2026-02-03
Whirlpool of India Ltd.,Consumer Durables,WHIRLPOOL,EQ,INE716A01013,NIFTYMIDSMALLCAP400,2026-02-03
Wockhardt Ltd.,Healthcare,WOCKPHARMA,EQ,INE049B01025,NIFTYMIDSMALLCAP400,2026-02-03
Yes Bank Ltd.,Financial Services,YESBANK,EQ,INE528G01035,NIFTYMIDSMALLCAP400,2026-02-03
ZF Commercial Vehicle Control Systems India Ltd.,Automobile and Auto Components,ZFCVINDIA,EQ,INE342J01019,NIFTYMIDSMALLCAP400,2026-02-03
Zee Entertainment Enterprises Ltd.,Media Entertainment & Publication,ZEEL,EQ,INE256A01028,NIFTYMIDSMALLCAP400,2026-02-03
Zen Technologies Ltd.,Capital Goods,ZENTEC,EQ,INE251B01027,NIFTYMIDSMALLCAP400,2026-02-03
Zensar Technolgies Ltd.,Information Technology,ZENSARTECH,EQ,INE520A01027,NIFTYMIDSMALLCAP400,2026-02-03
eClerx Services Ltd.,Services,ECLERX,EQ,INE738I01010,NIFTYMIDSMALLCAP400,2026-02-03
